Key,LastModified,ETag,Size,StorageClass
pdfs/,2016-05-04 17:59:05+00:00,"""d41d8cd98f00b204e9800998ecf8427e""",0,STANDARD
pdfs/20150327_crimetrend.pdf,2016-05-04 18:02:10+00:00,"""1e9ac64126eb460be297277765b0dd33""",1011935,STANDARD
pdfs/20150327_ucr_2014stats.pdf,2016-05-04 18:02:14+00:00,"""2bfaa6a8065267eaef9844d0e66a890a""",1247920,STANDARD
pdfs/20150417_crimetrend.pdf,2016-05-04 18:02:08+00:00,"""67efe537ccf090f7a94f3e6a8e52c22a""",1071107,STANDARD
pdfs/20150417_ucr_2014stats.pdf,2016-05-04 18:02:12+00:00,"""768d716690f4d0eadd27d28358ff9ab7""",1247227,STANDARD
pdfs/20150424_crimetrend.pdf,2016-05-04 18:02:06+00:00,"""b5ec0c576fa5525bb6924c42eb326a0a""",1073725,STANDARD
pdfs/20150424_ucr_2014stats.pdf,2016-05-04 18:02:04+00:00,"""79bf2c679fcabea91a9d114c9026c9bf""",1247249,STANDARD
pdfs/20150522_1stqtr2015.pdf,2016-05-04 18:01:59+00:00,"""2d24a14c490c2a745ebe15fb0b409ca2""",832646,STANDARD
pdfs/20150522_crimetrend.pdf,2016-05-04 18:02:02+00:00,"""3db1acab663b7a16cbfc191ab313b514""",1105341,STANDARD
pdfs/20150522_ucr_2014stats.pdf,2016-05-04 18:01:58+00:00,"""532f8208da216228298cf84d668c4722""",1246118,STANDARD
pdfs/20150529_1stqtr2015.pdf,2016-05-04 18:01:53+00:00,"""9032a5eb90d1c1992f89c855b0113e89""",833053,STANDARD
pdfs/20150529_crimetrend.pdf,2016-05-04 18:01:55+00:00,"""670e7e0711ce59777881fa856a2bec04""",1122260,STANDARD
pdfs/20150529_ucr_2014stats.pdf,2016-05-04 18:01:51+00:00,"""491d14344779cebd9fd245da388cda2f""",1243587,STANDARD
pdfs/20150605_1stqtr2015.pdf,2016-05-04 18:01:49+00:00,"""49f3fd38756665d9d961b679538fa09b""",835563,STANDARD
pdfs/20150605_crimetrend.pdf,2016-05-04 18:01:44+00:00,"""c7cd2e172c6a353132b1c3d2adcc8e3d""",1127339,STANDARD
pdfs/20150605_ucr_2014stats.pdf,2016-05-04 18:01:47+00:00,"""1a5061ecfdad3888094e8ddc4fad6a81""",1246835,STANDARD
pdfs/20150612_1stqtr2015.pdf,2016-05-04 18:01:43+00:00,"""7708a9dedba064810ee13225536ddcd0""",836883,STANDARD
pdfs/20150612_crimetrend.pdf,2016-05-04 18:01:44+00:00,"""2a30b9067b3701a4e40fe8a6dde07ad3""",1129714,STANDARD
pdfs/20150612_ucr_2014stats.pdf,2016-05-04 18:01:42+00:00,"""ea9e11f38132f569f2f60d2a0dbf28f2""",1246865,STANDARD
pdfs/20150619_1stqtr2015.pdf,2016-05-04 18:01:41+00:00,"""1933f20f431cb2a90e4fa5795f83c431""",837730,STANDARD
pdfs/20150619_crimetrend.pdf,2016-05-04 18:01:42+00:00,"""5231ba7814bbcc7b9d1d1b207d7f1114""",1141931,STANDARD
pdfs/20150619_ucr_2014stats.pdf,2016-05-04 18:01:41+00:00,"""2ae3b7eb83b37b4984c5cd3564332eb5""",1245266,STANDARD
pdfs/20150626_1stqtr2015.pdf,2016-05-04 18:01:40+00:00,"""6de1167b2722fcf498f94deeca319549""",839438,STANDARD
pdfs/20150626_crimetrend.pdf,2016-05-04 18:01:39+00:00,"""9e214375e3355f61a5811281362c2f92""",1147958,STANDARD
pdfs/20150626_ucr_2014stats.pdf,2016-05-04 18:01:40+00:00,"""aa5929070a1f4847c705e33b02006469""",1246849,STANDARD
pdfs/20150706_1stqtr2015.pdf,2016-05-04 18:01:38+00:00,"""1c8b063881cf24d364fac2c959492a03""",839551,STANDARD
pdfs/20150706_2ndqtr2015.pdf,2016-05-04 18:01:38+00:00,"""d5f932b9456c3e405746883f03341b57""",868755,STANDARD
pdfs/20150706_crimetrend.pdf,2016-05-04 18:01:37+00:00,"""11270303bfd8a244fb54abecbd72e9b9""",1147231,STANDARD
pdfs/20150706_ucr_2014stats.pdf,2016-05-04 18:01:38+00:00,"""99034daf7920b2855f73b7efda671fc3""",1245187,STANDARD
pdfs/20150710_1stqtr2015.pdf,2016-05-04 18:01:36+00:00,"""722e282857edc6caa37fe2abb6f2429e""",843778,STANDARD
pdfs/20150710_2ndqtr2015.pdf,2016-05-04 18:01:35+00:00,"""b322f85c92b276086249ae66d3aa219f""",877275,STANDARD
pdfs/20150710_crimetrend.pdf,2016-05-04 18:01:36+00:00,"""e9e7181a0a4c1f6e0a985bfbcab4878f""",1161083,STANDARD
pdfs/20150710_ucr_2014stats.pdf,2016-05-04 18:01:33+00:00,"""0eea4dce6b48c3ca2f2a7d0015add233""",1246565,STANDARD
pdfs/20150717_1stqtr2015.pdf,2016-05-04 18:01:28+00:00,"""cce1885588b32bd1ff3f27fc61d78c18""",844007,STANDARD
pdfs/20150717_2ndqtr2015.pdf,2016-05-04 18:01:26+00:00,"""7ca66b20467f8f27288f8d4ba0fc6d52""",881467,STANDARD
pdfs/20150717_crimetrend.pdf,2016-05-04 18:01:30+00:00,"""f7d844d685359f9a5e1ed209fb327f70""",1165277,STANDARD
pdfs/20150717_ucr_2014stats.pdf,2016-05-04 18:01:24+00:00,"""33789e1c18c5e22da3ef4889bbf91ad2""",1247105,STANDARD
pdfs/20150724_1stqtr2015.pdf,2016-05-04 18:01:20+00:00,"""e4789b749314dfed4c869a9761dd0e34""",844088,STANDARD
pdfs/20150724_2ndqtr2015.pdf,2016-05-04 18:01:18+00:00,"""5576088fe63fd52581ab6dcc643a5c90""",884220,STANDARD
pdfs/20150724_crimetrend.pdf,2016-05-04 18:01:22+00:00,"""a65ab3d164ee67b593d42476b8d5fe62""",1168737,STANDARD
pdfs/20150724_ucr_2014stats.pdf,2016-05-04 18:01:16+00:00,"""3c9732bcba2c67f03f9d944a140b80fa""",1244764,STANDARD
pdfs/20150807_1stqtr2015.pdf,2016-05-04 18:01:10+00:00,"""3c23d2a53af0bd38129e01fae30e70cb""",845682,STANDARD
pdfs/20150807_2ndqtr2015.pdf,2016-05-04 18:01:09+00:00,"""f344d1c4ad4855c5e782c410f457c766""",889061,STANDARD
pdfs/20150807_crimetrend.pdf,2016-05-04 18:01:13+00:00,"""f04f75290416af991488e93474e39938""",1171186,STANDARD
pdfs/20150807_ucr_2014stats.pdf,2016-05-04 18:01:06+00:00,"""a5a18a14e019626b78006201cee392f3""",1246605,STANDARD
pdfs/20150813_1stqtr2015.pdf,2016-05-04 18:01:01+00:00,"""753c535ed498f0d1f3411feaf8489af0""",846256,STANDARD
pdfs/20150813_2ndqtr2015.pdf,2016-05-04 18:01:00+00:00,"""16874d13c7e4855c602923b29caf9db2""",890703,STANDARD
pdfs/20150813_crimetrend.pdf,2016-05-04 18:01:04+00:00,"""b16c155f1a61f23361918d973e37376b""",1179703,STANDARD
pdfs/20150813_ucr_2014stats.pdf,2016-05-04 18:00:58+00:00,"""e311accd96945aba47c8eaf7c472c96a""",1246142,STANDARD
pdfs/20150820_1stqtr2015.pdf,2016-05-04 18:00:51+00:00,"""af3072d36f6fbd49159f3febca48c3d8""",846336,STANDARD
pdfs/20150820_2ndqtr2015.pdf,2016-05-04 18:00:53+00:00,"""fc4c58e1ff7c5eb60bec5485963b1f0c""",891855,STANDARD
pdfs/20150820_crimetrend.pdf,2016-05-04 18:00:49+00:00,"""4f9f0079d3f7df273ff871ebf89eb945""",1182971,STANDARD
pdfs/20150820_ucr_2014stats.pdf,2016-05-04 18:00:55+00:00,"""19f1af735bef5a89a24512ed822ddbbc""",1245936,STANDARD
pdfs/20150828_1stqtr2015.pdf,2016-05-04 18:00:46+00:00,"""abedd3ed750ea3ef3ebb330fc45bf0b0""",846462,STANDARD
pdfs/20150828_2ndqtr2015.pdf,2016-05-04 18:00:46+00:00,"""83e39c08385139b20a21e64ed3106a4c""",63608,STANDARD
pdfs/20150828_crimetrend.pdf,2016-05-04 18:00:47+00:00,"""7a475aa62641de57ab91770253c7ebc7""",1175098,STANDARD
pdfs/20150828_ucr_2014stats.pdf,2016-05-04 18:00:45+00:00,"""9dd59fa61808bab866f37bd13b4cd9cc""",1247244,STANDARD
pdfs/20150904_1stqtr2015.pdf,2016-05-04 18:00:44+00:00,"""4ea5e0ba0b6c4b91ff90b21f68d5fac3""",847837,STANDARD
pdfs/20150904_2ndqtr2015.pdf,2016-05-04 18:00:44+00:00,"""03ed9128947aaea2a6738343fd35ff91""",898164,STANDARD
pdfs/20150904_crimetrend.pdf,2016-05-04 18:00:45+00:00,"""275e5bc8ab785a0394249eda86e7b008""",1187055,STANDARD
pdfs/20150904_ucr_2014stats.pdf,2016-05-04 18:00:43+00:00,"""cd17de074dede1c390f3695eacb026fe""",1246441,STANDARD
pdfs/20150911_1stqtr2015.pdf,2016-05-04 18:00:42+00:00,"""e9892a19f9d93dcf80933c7edcd55516""",849095,STANDARD
pdfs/20150911_2ndqtr2015.pdf,2016-05-04 18:00:42+00:00,"""92a84f8da9b4c0aa173ed35939189b6d""",900361,STANDARD
pdfs/20150911_crimetrend.pdf,2016-05-04 18:00:43+00:00,"""98006b5f49199009ec8850fabbb6194c""",1196713,STANDARD
pdfs/20150911_ucr_2014stats.pdf,2016-05-04 18:00:41+00:00,"""edc165d90f47c30cb17e44919bc9c112""",1246803,STANDARD
pdfs/20150918_1stqtr2015.pdf,2016-05-04 18:00:41+00:00,"""7fac2dc9c8943cf3845823286cf4aa17""",849141,STANDARD
pdfs/20150918_2ndqtr2015.pdf,2016-05-04 18:00:40+00:00,"""8d24da0374012ed505567b1b362fb5e9""",900374,STANDARD
pdfs/20150918_crimetrend.pdf,2016-05-04 18:00:41+00:00,"""0612b80a84996fb6d9cbad8831608bdb""",1202999,STANDARD
pdfs/20150918_ucr_2014stats.pdf,2016-05-04 18:00:40+00:00,"""5bec98e7d420f5e03ecd3ff2c4e1a700""",1246916,STANDARD
pdfs/20150925_1stqtr2015.pdf,2016-05-04 18:00:38+00:00,"""8d9833e24c98fca7085dce43fed820d8""",849138,STANDARD
pdfs/20150925_2ndqtr2015.pdf,2016-05-04 18:00:39+00:00,"""44f0b204796569b6280dfb1e03a93e60""",900425,STANDARD
pdfs/20150925_crimetrend.pdf,2016-05-04 18:00:37+00:00,"""571fea2f28c56a5c9ab2222b43ee5594""",1203067,STANDARD
pdfs/20150925_ucr_2014stats.pdf,2016-05-04 18:00:39+00:00,"""cac223f3f096cc95f6d3498e6b9fe3d0""",1246440,STANDARD
pdfs/20151002_1stqtr2015.pdf,2016-05-04 18:00:37+00:00,"""9bc5e2f308084702b76ea3e705d16402""",849136,STANDARD
pdfs/20151002_2ndqtr2015.pdf,2016-05-04 18:00:36+00:00,"""12d84d81af1626d747ba44138b9609f9""",900427,STANDARD
pdfs/20151002_crimetrend.pdf,2016-05-04 18:00:37+00:00,"""6210ccd4b76a0c39fa9061bd1dd6919f""",1205359,STANDARD
pdfs/20151002_ucr_2014stats.pdf,2016-05-04 18:00:36+00:00,"""c32e4fb93041e08b823cb6683d53ade8""",1247039,STANDARD
pdfs/20151015_1stqtr2015.pdf,2016-05-04 18:00:34+00:00,"""06e2246f046ef1df827bb0658b624fa7""",849191,STANDARD
pdfs/20151015_2ndqtr2015.pdf,2016-05-04 18:00:34+00:00,"""3acd944a209a1d5425a275225ac5a38b""",900453,STANDARD
pdfs/20151015_3rdqtr2015.pdf,2016-05-04 18:00:34+00:00,"""bf901f57a33e031929461b5bb0161d9c""",913664,STANDARD
pdfs/20151015_crimetrend.pdf,2016-05-04 18:00:36+00:00,"""5d74d376f9c1af1f28dfbd96870423f2""",1207460,STANDARD
pdfs/20151015_ucr_2014stats.pdf,2016-05-04 18:00:34+00:00,"""0c60f44ec4949c5afbb9f8ddf0a95ec2""",1246933,STANDARD
pdfs/20151023_1stqtr2015.pdf,2016-05-04 18:00:32+00:00,"""8c208f29053265ce2a9562b8ebe0adf1""",849255,STANDARD
pdfs/20151023_2ndqtr2015.pdf,2016-05-04 18:00:32+00:00,"""81e605e831782b4e551d74e032a630f0""",900462,STANDARD
pdfs/20151023_3rdqtr2015.pdf,2016-05-04 18:00:31+00:00,"""2a3046ebf45297acad9e2c62f2754fa8""",917536,STANDARD
pdfs/20151023_crimetrend.pdf,2016-05-04 18:00:33+00:00,"""ffe58c1e56e3a1a4a569d63bc6d0cf8f""",1212422,STANDARD
pdfs/20151023_ucr_2014stats.pdf,2016-05-04 18:00:31+00:00,"""0c60f44ec4949c5afbb9f8ddf0a95ec2""",1246933,STANDARD
pdfs/20151210_1stqtr2015.pdf,2016-05-04 18:00:30+00:00,"""57f2367b7e1ae5c68b5bd3e24c7d38d3""",849401,STANDARD
pdfs/20151210_2ndqtr2015.pdf,2016-05-04 18:00:29+00:00,"""81844140ed065920d87409eb7d6476f4""",900894,STANDARD
pdfs/20151210_3rdqtr2015.pdf,2016-05-04 18:00:29+00:00,"""832e1d01627d20238325392d18df4d8d""",924782,STANDARD
pdfs/20151210_crimetrend.pdf,2016-05-04 18:00:31+00:00,"""c04534a1a3b6c9e2ce8d6fcacebcbb6b""",1218295,STANDARD
pdfs/20151210_ucr_2014stats.pdf,2016-05-04 18:00:28+00:00,"""0c60f44ec4949c5afbb9f8ddf0a95ec2""",1246933,STANDARD
pdfs/20151221_1stqtr2015.pdf,2016-05-04 18:00:22+00:00,"""82c967b346c4cc86c4eae3ca10c1fd6d""",849377,STANDARD
pdfs/20151221_2ndqtr2015.pdf,2016-05-04 18:00:21+00:00,"""e53cc7f2a22de1712ff950f4cb945b7f""",900866,STANDARD
pdfs/20151221_3rdqtr2015.pdf,2016-05-04 18:00:19+00:00,"""b995993679a32855846a5523320b4aa7""",927943,STANDARD
pdfs/20151221_crimetrend.pdf,2016-05-04 18:00:25+00:00,"""75d24e004abeb42a20893f45b4782ba3""",1225035,STANDARD
pdfs/20160129_1stqtr2015.pdf,2016-05-04 18:00:16+00:00,"""e9ae3f1cdaa87d245a7ae38764774b98""",849712,STANDARD
pdfs/20160129_2ndqtr2015.pdf,2016-05-04 18:00:16+00:00,"""59cd502be7c2467e4278b4a601c86b5a""",901242,STANDARD
pdfs/20160129_3rdqtr2015.pdf,2016-05-04 18:00:17+00:00,"""edeb766891051bab37ed8e74f1e878d2""",929356,STANDARD
pdfs/20160129_4thqtr2015.pdf,2016-05-04 18:00:17+00:00,"""affaa79d7997977922550f7e356f3c29""",934060,STANDARD
pdfs/20160129_crimetrend.pdf,2016-05-04 18:00:16+00:00,"""e26b3b04d8c1a31513234cc1db4e78a4""",1233159,STANDARD
pdfs/20160226_1stqtr2016.pdf,2016-05-04 18:00:15+00:00,"""3103326cdc982db7bcdeb94a99f90f4d""",781823,STANDARD
pdfs/20160226_crimetrend.pdf,2016-05-04 18:00:16+00:00,"""76c8b9f7b98579ca9b5e79e278c1809e""",996194,STANDARD
pdfs/20160226_ucr_2014stats.pdf,2016-05-04 18:00:14+00:00,"""0c60f44ec4949c5afbb9f8ddf0a95ec2""",1246933,STANDARD
pdfs/20160226_ucr_2015stats.pdf,2016-05-04 18:00:14+00:00,"""7c78a15367e7d45f5cec9a7919b510c6""",1242576,STANDARD
pdfs/20160420_1stqtr2016.pdf,2016-05-04 18:00:13+00:00,"""3805d7b743c42a09f2bc1fa12304371d""",828547,STANDARD
pdfs/20160420_crimetrend.pdf,2016-05-04 18:00:14+00:00,"""405ab32a8e221b3e312cc1a7832de673""",1099990,STANDARD
pdfs/20160420_ucr_2014stats.pdf,2016-05-04 18:00:13+00:00,"""0c60f44ec4949c5afbb9f8ddf0a95ec2""",1246933,STANDARD
pdfs/20160420_ucr_2015stats.pdf,2016-05-04 18:00:12+00:00,"""8ce5273e3f2f351629a732402406ab9e""",1244131,STANDARD
pdfs/20160606_1stqtr2016.pdf,2016-06-08 17:14:11+00:00,"""f0a37507441dc0321537ce195ac11061""",840211,STANDARD
pdfs/20160606_crimetrend.pdf,2016-06-08 17:14:11+00:00,"""767778a3528442e96ec08725b34e1676""",1135285,STANDARD
pdfs/20160606_ucr_2015stats.pdf,2016-06-08 17:14:11+00:00,"""3ea3269f19e49f8c19809dbddd4e57a0""",1245124,STANDARD
pdfs/20160708_1stqtr2016.pdf,2016-07-08 18:48:17+00:00,"""0ff7858ff7328f042a94f87cb8e9944b""",844466,STANDARD
pdfs/20160708_2ndqtr2016.pdf,2016-07-08 18:48:16+00:00,"""c14817e58cfc5dcc838859c7ec4157ec""",876244,STANDARD
pdfs/20160708_crimetrend.pdf,2016-07-08 18:48:18+00:00,"""88803c793530f4a03e250562ac23d145""",1160268,STANDARD
pdfs/20160708_ucr_2015stats.pdf,2016-07-08 18:48:16+00:00,"""23024f51662c2310f364868cba5023b4""",1246583,STANDARD
pdfs/20160715_1stqtr2016.pdf,2016-07-15 19:40:46+00:00,"""3b5f62bd1588b2141129a7c7896831df""",850341,STANDARD
pdfs/20160715_2ndqtr2016.pdf,2016-07-15 19:40:45+00:00,"""8c2bcaf44066660dda6577dcf4bf7cba""",884934,STANDARD
pdfs/20160715_crimetrend.pdf,2016-07-15 19:40:46+00:00,"""599e632f6fd2bd6490b08fc5ffa20988""",1171347,STANDARD
pdfs/20160725_1stqtr2016.pdf,2016-07-25 19:34:06+00:00,"""3f99400c57e7b14a205cc8d84c9eb3b2""",850602,STANDARD
pdfs/20160725_2ndqtr2016.pdf,2016-07-25 19:34:07+00:00,"""6a6a57fa3e43ee097c36d3de0ce509ee""",889171,STANDARD
pdfs/20160725_crimetrend.pdf,2016-07-25 19:34:06+00:00,"""2f9408700175ffff0e9f246edf667147""",1177665,STANDARD
pdfs/20160801_1stqtr2016.pdf,2016-08-01 17:56:34+00:00,"""784c38618c383f99ac9b9c605644166b""",850765,STANDARD
pdfs/20160801_2ndqtr2016.pdf,2016-08-01 17:56:34+00:00,"""fb9a26568e66eb1daa930d782c4e3dce""",892802,STANDARD
pdfs/20160801_crimetrend.pdf,2016-08-01 17:56:35+00:00,"""3441e4103c64bee741bea97191c4ee7e""",1181667,STANDARD
pdfs/20160805_1stqtr2016.pdf,2016-08-05 16:50:50+00:00,"""d9f493db87e3550f3e28bccc05b8241a""",850502,STANDARD
pdfs/20160805_2ndqtr2016.pdf,2016-08-05 16:50:49+00:00,"""a81ea3914ee52df115cc4d7b7169ffd1""",893656,STANDARD
pdfs/20160805_crimetrend.pdf,2016-08-05 16:50:50+00:00,"""87d5b8de037f028dbc9805a1312f711c""",1184065,STANDARD
pdfs/20160812_1stqtr2016.pdf,2016-08-12 14:52:24+00:00,"""e0a487b5ec1522cf9caa71f73728711c""",850825,STANDARD
pdfs/20160812_2ndqtr2016.pdf,2016-08-12 14:52:25+00:00,"""f1e627a089af315a1b86aa5984b2c173""",896526,STANDARD
pdfs/20160812_crimetrend.pdf,2016-08-12 14:52:24+00:00,"""cd5d5bade8137883659ae9bd79c8e6a5""",1191655,STANDARD
pdfs/20160826_1stqtr2016.pdf,2016-09-01 21:35:27+00:00,"""3283315033a275428f4262530e1c443e""",850920,STANDARD
pdfs/20160826_2ndqtr2016.pdf,2016-09-01 21:35:24+00:00,"""410894e515bd0a1d26ca220db00d6563""",898250,STANDARD
pdfs/20160826_crimetrend.pdf,2016-09-01 21:35:28+00:00,"""c379818af25f7c106c54a1ff195949cf""",1372902,STANDARD
pdfs/20160909_1stqtr2016.pdf,2016-09-09 18:14:49+00:00,"""94e850f8c7f0eddce94d4ae9f84f000b""",850712,STANDARD
pdfs/20160909_2ndqtr2016.pdf,2016-09-09 18:14:47+00:00,"""fad253e8816d7656bdc0d2c32dea7521""",898429,STANDARD
pdfs/20160909_crimetrend.pdf,2016-09-09 18:14:51+00:00,"""d460b77df184dbb3fba8228f36396119""",1339484,STANDARD
pdfs/20160916a_1stqtr2016.pdf,2016-09-20 21:22:58+00:00,"""fc0883868c9ae43fefbcb589aae4eabc""",850720,STANDARD
pdfs/20160916a_2ndqtr2016.pdf,2016-09-20 21:22:56+00:00,"""563ef4aab1d696599d54ae8dca537b72""",899397,STANDARD
pdfs/20160916a_crimetrend.pdf,2016-09-20 21:23:02+00:00,"""afc275e1e50396daf5af87d21844745b""",1262918,STANDARD
pdfs/20160916a_ucr_2015stats.pdf,2017-01-04 16:29:22+00:00,"""c29341e7905bb3f45753247959eff896""",1303017,STANDARD
pdfs/20160923_1stqtr2016.pdf,2016-09-26 21:18:34+00:00,"""0968d198a43c9f43a211370beec3e4ff""",850743,STANDARD
pdfs/20160923_2ndqtr2016.pdf,2016-09-26 21:18:36+00:00,"""c10b52654a0f2d3599652a708babec22""",900380,STANDARD
pdfs/20160923_crimetrend.pdf,2016-09-26 21:18:32+00:00,"""9e5553f722e17075d401157dd20bc160""",1265512,STANDARD
pdfs/20161003_1stqtr2016.pdf,2016-10-03 18:12:16+00:00,"""da9f564cb9afd9a4eea59f96fa292367""",850726,STANDARD
pdfs/20161003_2ndqtr2016.pdf,2016-10-03 18:12:15+00:00,"""855f5bda23e8112852270a3d3b21e1ad""",900509,STANDARD
pdfs/20161003_crimetrend.pdf,2016-10-03 18:12:17+00:00,"""6f12e1a2fbb77e876cfdc0f22b378234""",1267392,STANDARD
pdfs/20161118_1stqtr2016.pdf,2016-11-24 17:05:18+00:00,"""a22b0a84a0f9f5cce6439fb0446e3dee""",851035,STANDARD
pdfs/20161118_2ndqtr2016.pdf,2016-11-24 17:05:18+00:00,"""cd29cdc5ab4d5dc36240484717561326""",900722,STANDARD
pdfs/20161118_3rdqtr2016.pdf,2016-11-24 17:05:19+00:00,"""493b36171f820218c91c726256e7aaa3""",925661,STANDARD
pdfs/20161118_crimetrend.pdf,2016-11-24 17:05:19+00:00,"""7aba6185dc4afe62d3fcbc789c08779b""",1281278,STANDARD
pdfs/20161202_1stqtr2016.pdf,2016-12-07 16:56:00+00:00,"""56fc5ed4226566c6e6af895e8d35e8d4""",850852,STANDARD
pdfs/20161202_2ndqtr2016.pdf,2016-12-07 16:55:59+00:00,"""018f05de9ba8146fc59958ced631962e""",900734,STANDARD
pdfs/20161202_3rdqtr2016.pdf,2016-12-07 16:55:58+00:00,"""8a5025d7ac69f9f1e769c2ba363e0d3b""",927292,STANDARD
pdfs/20161202_crimetrend.pdf,2016-12-07 16:56:01+00:00,"""4a2c81e00f98ad5d1fa72bf6f865b793""",1285131,STANDARD
pdfs/20161230_1stqtr2016.pdf,2017-01-04 16:28:00+00:00,"""812fc5fcd21dec2aaf037845912f44ef""",850847,STANDARD
pdfs/20161230_2ndqtr2016.pdf,2017-01-04 16:27:58+00:00,"""2e08eaa0719da228c06a06633e42d0a5""",900698,STANDARD
pdfs/20161230_3rdqtr2016.pdf,2017-01-04 16:27:58+00:00,"""5d69917a84d20d42fadc3e853106b433""",928316,STANDARD
pdfs/20161230_crimetrend.pdf,2017-01-04 16:28:00+00:00,"""ba11bfb69a139fee49d1c6cc2bb52aef""",1288804,STANDARD
pdfs/20170106_1stqtr2016.pdf,2017-01-06 22:43:31+00:00,"""d0970442cd6f775712c39a04459bc754""",851159,STANDARD
pdfs/20170106_2ndqtr2016.pdf,2017-01-06 22:43:30+00:00,"""1ff229b453ac4f8758c5e5ec7d517212""",900977,STANDARD
pdfs/20170106_3rdqtr2016.pdf,2017-01-06 22:43:30+00:00,"""e92e06102f8081a45c84bcee8b6be489""",929123,STANDARD
pdfs/20170106_crimetrend.pdf,2017-01-06 22:43:32+00:00,"""40508ffa9aa3dc6e175b26e81b62ca69""",1280161,STANDARD
pdfs/20170113_1stqtr2016.pdf,2017-01-13 20:43:39+00:00,"""35881233aa5834c431032da32f3beb69""",851167,STANDARD
pdfs/20170113_2ndqtr2016.pdf,2017-01-13 20:43:39+00:00,"""583e4c456b6721c16ca4a2ee945edb69""",900887,STANDARD
pdfs/20170113_3rdqtr2016.pdf,2017-01-13 20:43:38+00:00,"""4956aaa898041a319c398d5d97e6ab42""",929239,STANDARD
pdfs/20170113_4thqtr2016.pdf,2017-01-13 20:43:32+00:00,"""218aff568288030fcee464461c534b67""",930529,STANDARD
pdfs/20170113_crimetrend.pdf,2017-01-13 20:43:39+00:00,"""40508ffa9aa3dc6e175b26e81b62ca69""",1280161,STANDARD
pdfs/20170120_1stqtr2016.pdf,2017-01-20 22:32:36+00:00,"""9517bcfdbc1d0c538b0c33c0b7dfe904""",851147,STANDARD
pdfs/20170120_2ndqtr2016.pdf,2017-01-20 22:32:33+00:00,"""934976d4bc4a392cbe4b865de8b91661""",900959,STANDARD
pdfs/20170120_3rdqtr2016.pdf,2017-01-20 22:32:31+00:00,"""19e7364ba54e8e96909e4587fd5ed780""",929416,STANDARD
pdfs/20170120_4thqtr2016.pdf,2017-01-20 22:32:27+00:00,"""9cd51bd24e7aeb3ad83582506709e73d""",932585,STANDARD
pdfs/20170120_crimetrend.pdf,2017-01-20 22:32:39+00:00,"""4dd300f4d8c31d9c8e5edf3efc1f2f9a""",1292178,STANDARD
pdfs/20170127_1stqtr2016.pdf,2017-01-27 15:16:32+00:00,"""f96ed6f08d77661ff177861a65171090""",851152,STANDARD
pdfs/20170127_2ndqtr2016.pdf,2017-01-27 15:16:33+00:00,"""f94e6bdac3d2251dc6fda04c22dbf948""",900957,STANDARD
pdfs/20170127_3rdqtr2016.pdf,2017-01-27 15:16:37+00:00,"""61342234247591446b07c2b130159f24""",929564,STANDARD
pdfs/20170127_4thqtr2016.pdf,2017-01-27 15:16:38+00:00,"""116946d7723c87db5bdc683248bd0be9""",935247,STANDARD
pdfs/20170127_crimetrend.pdf,2017-01-27 15:16:31+00:00,"""919e532b143ed05f8e620a8a17c95d48""",1295850,STANDARD
pdfs/20170203_1stqtr2016.pdf,2017-02-03 20:18:07+00:00,"""bcf28c6aa51075f3023f432d38d06169""",850897,STANDARD
pdfs/20170203_2ndqtr2016.pdf,2017-02-03 20:18:06+00:00,"""a90ac3be9a794b6b9870eab2bb6a5e33""",900690,STANDARD
pdfs/20170203_3rdqtr2016.pdf,2017-02-03 20:18:06+00:00,"""46e27806e76282145f52993fee33a91f""",929489,STANDARD
pdfs/20170203_4thqtr2016.pdf,2017-02-03 20:18:04+00:00,"""914ad6510843f40af42247ec8901f244""",936570,STANDARD
pdfs/20170203_crimetrend.pdf,2017-02-03 20:18:09+00:00,"""b6e76bc5347d6548cac31858605ab77b""",1298990,STANDARD
pdfs/20170210_1stqtr2016.pdf,2017-02-15 14:11:54+00:00,"""db909ee160be976206f855135623afb6""",850898,STANDARD
pdfs/20170210_2016_crimetrend.pdf,2017-02-15 14:11:55+00:00,"""3282e004889c99d32ae21cd148403ae4""",1302268,STANDARD
pdfs/20170210_2ndqtr2016.pdf,2017-02-15 14:11:54+00:00,"""e2a33946ce9b42e5d4a2f781e30f71ed""",900684,STANDARD
pdfs/20170210_3rdqtr2016.pdf,2017-02-15 14:11:53+00:00,"""62c8034d0fc544ab53df33d4781d8ea4""",929535,STANDARD
pdfs/20170210_4thqtr2016.pdf,2017-02-15 14:11:52+00:00,"""48f644216433bf16f8e76f364d2545c5""",937770,STANDARD
pdfs/20170210_crimetrend.pdf,2017-02-15 14:11:55+00:00,"""7d4ac47d4012a77559853e418e554d60""",1017200,STANDARD
pdfs/20170217_1stqtr2016.pdf,2017-02-23 22:28:52+00:00,"""959f5a097147dec84b5548aeabc7504e""",850905,STANDARD
pdfs/20170217_2016_crimetrend.pdf,2017-02-23 22:28:52+00:00,"""ab504a30f5db5709eabccc273f1b7e9c""",1301689,STANDARD
pdfs/20170217_2ndqtr2016.pdf,2017-02-23 22:28:52+00:00,"""6979ed24df8b7f2d144ef7020bb33f01""",900692,STANDARD
pdfs/20170217_3rdqtr2016.pdf,2017-02-23 22:28:52+00:00,"""7bac1c0779833cf6f30b847cb4b9012d""",929748,STANDARD
pdfs/20170217_4thqtr2016.pdf,2017-02-23 22:28:52+00:00,"""3122c8731665ef7704c96dcb1ee03248""",938508,STANDARD
pdfs/20170217_crimetrend.pdf,2017-02-23 22:28:52+00:00,"""3dd6393408e8102fb1b8dc822a47c382""",1032976,STANDARD
pdfs/20170224_1stqtr2016.pdf,2017-02-24 22:30:47+00:00,"""22673a3dfc46a187870a15a07d0d5ff7""",850591,STANDARD
pdfs/20170224_2016_crimetrend.pdf,2017-02-24 22:30:47+00:00,"""e10fde5deed2734db71280106f1b54b1""",1301951,STANDARD
pdfs/20170224_2ndqtr2016.pdf,2017-02-24 22:30:47+00:00,"""7d71302ae8a08f23e1e1e5a3e0523d13""",900338,STANDARD
pdfs/20170224_3rdqtr2016.pdf,2017-02-24 22:30:46+00:00,"""911d107026edbacb501c0fa56c1ab13a""",929484,STANDARD
pdfs/20170224_4thqtr2016.pdf,2017-02-24 22:30:46+00:00,"""451da6f3d191aaa7bb4a09e4cb2f1b2b""",938445,STANDARD
pdfs/20170224_crimetrend.pdf,2017-02-24 22:30:48+00:00,"""e84db29245e3fbbbdd172ffd00720aef""",1040670,STANDARD
pdfs/20170303_1stqtr2016.pdf,2017-03-08 00:05:53+00:00,"""69e28eaa0db7318285e57eed9ea7a845""",850887,STANDARD
pdfs/20170303_2016_crimetrend.pdf,2017-03-08 00:05:52+00:00,"""98d5db54831d3948aee8355934ac910d""",1302998,STANDARD
pdfs/20170303_2ndqtr2016.pdf,2017-03-08 00:05:51+00:00,"""793f36f4835c0c5a61f56b5e5b851d41""",900667,STANDARD
pdfs/20170303_3rdqtr2016.pdf,2017-03-08 00:05:52+00:00,"""5218e5c6390600c6ee9fbe7ed45ef5c0""",929777,STANDARD
pdfs/20170303_4thqtr2016.pdf,2017-03-08 00:05:50+00:00,"""d7e7b0a90cd15c7a83fcce20326d4612""",939295,STANDARD
pdfs/20170303_crimetrend.pdf,2017-03-08 00:05:50+00:00,"""2a6aaafba66e8b28bfa421e5d84aff46""",1051431,STANDARD
pdfs/20170310_1stqtr2016.pdf,2017-03-10 23:54:02+00:00,"""2afc2f91ed6ffd822e6f0dbe110d0482""",850885,STANDARD
pdfs/20170310_2016_crimetrend.pdf,2017-03-10 23:54:02+00:00,"""347e00bc2c32aeda86855bb9e3b36edd""",1304048,STANDARD
pdfs/20170310_2ndqtr2016.pdf,2017-03-10 23:54:02+00:00,"""39e01b56aa1729ec53d73fb6499e3241""",900670,STANDARD
pdfs/20170310_3rdqtr2016.pdf,2017-03-10 23:54:01+00:00,"""1f74da889b8285374a2da25754560999""",929912,STANDARD
pdfs/20170310_4thqtr2016.pdf,2017-03-10 23:54:00+00:00,"""1bafc1bd37c21568ab28180939ad1cff""",939719,STANDARD
pdfs/20170310_crimetrend.pdf,2017-03-10 23:54:04+00:00,"""cf5e485496ffe03632b893e94be8bb8e""",1115947,STANDARD
pdfs/20170317_1stqtr2016.pdf,2017-03-17 16:26:47+00:00,"""6dd7fba769a90ce9e3572423a3657a71""",850886,STANDARD
pdfs/20170317_2016_crimetrend.pdf,2017-03-17 16:26:47+00:00,"""ae27d49ce798ec8667c81323b999e027""",1303850,STANDARD
pdfs/20170317_2ndqtr2016.pdf,2017-03-17 16:26:46+00:00,"""ff651cfb722797f2dbe355e8557110e5""",900667,STANDARD
pdfs/20170317_3rdqtr2016.pdf,2017-03-17 16:26:46+00:00,"""e6a4966f327b6d3fb3aca9a56498359a""",929913,STANDARD
pdfs/20170317_4thqtr2016.pdf,2017-03-17 16:26:46+00:00,"""7f855a838f24ca8285e83296d0b0ac32""",939911,STANDARD
pdfs/20170317_crimetrend.pdf,2017-03-17 16:26:47+00:00,"""c916cfb0bc14196d8731c10a6142e085""",1122792,STANDARD
pdfs/20170327_1stqtr2016.pdf,2017-03-29 19:40:07+00:00,"""aec7ab2445ea817ac5fc101da8f7c6c7""",850891,STANDARD
pdfs/20170327_2016_crimetrend.pdf,2017-03-29 19:40:07+00:00,"""1dae35c820cb0b9f51182647340011b0""",1305120,STANDARD
pdfs/20170327_2ndqtr2016.pdf,2017-03-29 19:40:06+00:00,"""9a7f22e1c8911157b0e690e0c31fb773""",900666,STANDARD
pdfs/20170327_3rdqtr2016.pdf,2017-03-29 19:40:06+00:00,"""8041e514ae72186cf357d05395d6c978""",930139,STANDARD
pdfs/20170327_4thqtr2016.pdf,2017-03-29 19:40:05+00:00,"""95db103d4f5fe85eb5f4b7bc08b866d3""",940946,STANDARD
pdfs/20170327_crimetrend.pdf,2017-03-29 19:40:08+00:00,"""0e53e383c6c711a0c3fdba9bbb2195a9""",1127968,STANDARD
pdfs/20170331_1stqtr2016.pdf,2017-04-01 11:19:22+00:00,"""de13915b8fbc4ef385867d51dddf8f91""",850893,STANDARD
pdfs/20170331_2016_crimetrend.pdf,2017-04-01 11:19:23+00:00,"""27bca56f583470e778d242e2e46632a2""",1305595,STANDARD
pdfs/20170331_2ndqtr2016.pdf,2017-04-01 11:19:22+00:00,"""8fa959e52d021cdd413ec9f5b1677476""",900667,STANDARD
pdfs/20170331_3rdqtr2016.pdf,2017-04-01 11:19:21+00:00,"""97e5f2b32ea7be2de6d31d737bc5f35f""",930148,STANDARD
pdfs/20170331_4thqtr2016.pdf,2017-04-01 11:19:17+00:00,"""55b85b8c87f9c1d7cf9cf19a8bda70ab""",940946,STANDARD
pdfs/20170331_crimetrend.pdf,2017-04-01 11:19:23+00:00,"""ce77d5017166ca5566c8e5dff9995fd0""",1130866,STANDARD
pdfs/20170407_1stqtr2016.pdf,2017-04-08 12:58:13+00:00,"""7ce72238d04ad4e5ea009d42f8f16d7b""",850866,STANDARD
pdfs/20170407_2016_crimetrend.pdf,2017-04-08 12:58:13+00:00,"""ee5175c8c0cab410830a646dacaea4ba""",1305725,STANDARD
pdfs/20170407_2ndqtr2016.pdf,2017-04-08 12:58:11+00:00,"""0506ed10756d8ad38df07f9b8bb7c3c4""",900632,STANDARD
pdfs/20170407_3rdqtr2016.pdf,2017-04-08 12:58:11+00:00,"""a84e4e588bbf73495c096e13e878fcc7""",930117,STANDARD
pdfs/20170407_4thqtr2016.pdf,2017-04-08 12:58:10+00:00,"""4f1b16088c66fab8a55a3a34790021bb""",940899,STANDARD
pdfs/20170407_crimetrend.pdf,2017-04-08 12:58:14+00:00,"""ecbcb9bc3bf31f5fd2a6fbf6342d146f""",1148140,STANDARD
pdfs/20170421_1stqtr2016.pdf,2017-04-21 19:41:46+00:00,"""b822bbd6747598cd0afebcb0cdc78622""",850852,STANDARD
pdfs/20170421_1stqtr2017.pdf,2017-04-21 19:41:47+00:00,"""e33c879f9ea33140c54873ffc89a9b05""",833291,STANDARD
pdfs/20170421_2016_crimetrend.pdf,2017-04-21 19:41:46+00:00,"""6d076466d5a8f7936a9689b42a121029""",1305459,STANDARD
pdfs/20170421_2ndqtr2016.pdf,2017-04-21 19:41:46+00:00,"""00fa1f909c57c8dba48b12ca8b566b55""",900595,STANDARD
pdfs/20170421_3rdqtr2016.pdf,2017-04-21 19:41:45+00:00,"""3e5a496c1354e45181f1645716568cde""",930070,STANDARD
pdfs/20170421_4thqtr2016.pdf,2017-04-21 19:41:44+00:00,"""6dce2983eefdb02fdb98a4329ecc678b""",940840,STANDARD
pdfs/20170421_crimetrend.pdf,2017-04-21 19:41:47+00:00,"""f9b7ed8a6da4f4400c2aef78caf495fc""",1160812,STANDARD
pdfs/20170501_1stqtr2017.pdf,2017-05-03 20:39:44+00:00,"""0f4653c1bd10f195535b31342353d7be""",838088,STANDARD
pdfs/20170501_2016_crimetrend.pdf,2017-05-03 20:39:44+00:00,"""606aa8ddf8c1ac77a79460ca4783e0dc""",1304950,STANDARD
pdfs/20170501_crimetrend.pdf,2017-05-03 20:39:44+00:00,"""5275b9dc2795606c4c24ae36743b6c9a""",1167559,STANDARD
pdfs/20170505_1stqtr2017.pdf,2017-05-05 21:13:48+00:00,"""e33c879f9ea33140c54873ffc89a9b05""",833291,STANDARD
pdfs/20170505_2016_crimetrend.pdf,2017-05-05 21:13:48+00:00,"""c141e8b5e26c3e44d193fb386c29d8e2""",1303901,STANDARD
pdfs/20170505_crimetrend.pdf,2017-05-05 21:13:49+00:00,"""11e75ac8736a03543ebe576a380b81da""",1171198,STANDARD
pdfs/20170512_1stqtr2017.pdf,2017-05-12 21:11:57+00:00,"""c56165844f7365bcf2ad1aea96a4fe1a""",842440,STANDARD
pdfs/20170512_2016_crimetrend.pdf,2017-05-12 21:11:56+00:00,"""c501a7d488533a1e5e8954372108ad45""",1303760,STANDARD
pdfs/20170512_crimetrend.pdf,2017-05-12 21:11:57+00:00,"""6ed3c98bb57aa92f6cfb449ab58c19b8""",1183239,STANDARD
pdfs/20170519_1stqtr2017.pdf,2017-05-23 17:41:53+00:00,"""69f8a3b8838de4d509dda003dbd158b5""",843997,STANDARD
pdfs/20170519_2016_crimetrend.pdf,2017-05-23 17:41:52+00:00,"""ad4e94653a192d64cd6970e3bb4769b0""",1303848,STANDARD
pdfs/20170519_crimetrend.pdf,2017-05-23 17:41:54+00:00,"""77a640fea8eddac404b414ba47d217b9""",1189461,STANDARD
pdfs/20170526_1stqtr2017.pdf,2017-05-30 18:47:50+00:00,"""218a8ac8049d3ed25b603fae8cc620ac""",845062,STANDARD
pdfs/20170526_2016_crimetrend.pdf,2017-05-30 18:47:50+00:00,"""3f0641e2ffeef8cb1381fba77f5a8ab7""",1303807,STANDARD
pdfs/20170526_crimetrend.pdf,2017-05-30 18:47:50+00:00,"""708c460912506b3214d15f7b1a63ddf0""",1194050,STANDARD
pdfs/20170602_1stqtr2017.pdf,2017-06-02 20:20:56+00:00,"""b466d4f87da55cfc275284cc2ce3736d""",846632,STANDARD
pdfs/20170602_2016_crimetrend.pdf,2017-06-02 20:20:56+00:00,"""924c3e94c147272ed84ac7a89eb65ad2""",1304642,STANDARD
pdfs/20170602_crimetrend.pdf,2017-06-02 20:20:57+00:00,"""8bdd359f079c210ac93e8477f9469021""",1196836,STANDARD
pdfs/20170609_1stqtr2017.pdf,2017-06-09 21:00:03+00:00,"""4cddf9d621b8a1e91a0b243aa2400726""",846896,STANDARD
pdfs/20170609_2016_crimetrend.pdf,2017-06-09 21:00:02+00:00,"""e140b5319da391ff1f548066c34f3f03""",1304340,STANDARD
pdfs/20170609_crimetrend.pdf,2017-06-09 21:00:04+00:00,"""20e141e3f59c80ef4135139d4fb3ccc7""",1203909,STANDARD
pdfs/20170616_1stqtr2017.pdf,2017-06-19 16:00:08+00:00,"""8239abbe19dbe72c81c85174be288053""",847965,STANDARD
pdfs/20170616_2016_crimetrend.pdf,2017-06-19 16:00:08+00:00,"""860bce8bb31dc4fa8706fe956c45ec5b""",1304650,STANDARD
pdfs/20170616_crimetrend.pdf,2017-06-19 16:00:09+00:00,"""ebb7eccaae8717657ce84b8cb60372d1""",1209833,STANDARD
pdfs/20170623_1stqtr2017.pdf,2017-06-23 18:01:04+00:00,"""d351e077299fe15647da9c34f7ca88ef""",848941,STANDARD
pdfs/20170623_crimetrend.pdf,2017-06-23 18:01:04+00:00,"""8d1232e8e569b6fbb8a6facd8daae78d""",1214620,STANDARD
pdfs/20170630_1stqtr2017.pdf,2017-07-07 15:38:53+00:00,"""ae15ac122bee3e80bc027e97bc042d74""",849193,STANDARD
pdfs/20170630_crimetrend.pdf,2017-07-07 15:38:52+00:00,"""8bfba7d5fa51bb0c85f89576913ab8eb""",1218009,STANDARD
pdfs/20170714_1stqtr2017.pdf,2017-07-14 20:56:26+00:00,"""217cb14c41bdcf999ac92322f85f9889""",849755,STANDARD
pdfs/20170714_2ndqtr2017.pdf,2017-07-14 20:56:26+00:00,"""b9a1b0d88dbc79b1371053bc8cca4749""",890772,STANDARD
pdfs/20170714_crimetrend.pdf,2017-07-14 20:56:27+00:00,"""1bc5d8e19c89c2c03696fcc94caaab4d""",1233296,STANDARD
pdfs/20170721_1stqtr2017.pdf,2017-07-21 14:49:58+00:00,"""220a667b0eeddeaa0ea3fce2d475ffc9""",849825,STANDARD
pdfs/20170721_2ndqtr2017.pdf,2017-07-21 14:49:57+00:00,"""7a4971ab3e18babf2c7cc845e5b780a6""",892987,STANDARD
pdfs/20170721_crimetrend.pdf,2017-07-21 14:49:59+00:00,"""29809f82c5ee32000a4ff7c41308bfc0""",1235070,STANDARD
pdfs/20170728_1stqtr2017.pdf,2017-07-28 14:49:16+00:00,"""2f5f74701569f5ff0359e48947954668""",849915,STANDARD
pdfs/20170728_2ndqtr2017.pdf,2017-07-28 14:49:15+00:00,"""844b278572805874a5efde96ab7e1a61""",894630,STANDARD
pdfs/20170728_crimetrend.pdf,2017-07-28 14:49:16+00:00,"""0b5d0f38ee01f7999e027f265890bdd5""",1238342,STANDARD
pdfs/20170804_1stqtr2017.pdf,2017-08-04 16:58:11+00:00,"""18695957233f3c9581a485e672c9079e""",849668,STANDARD
pdfs/20170804_2ndqtr2017.pdf,2017-08-04 16:58:10+00:00,"""fcd3d771ef09403f0bc76a88bd081114""",895588,STANDARD
pdfs/20170804_crimetrend.pdf,2017-08-04 16:58:10+00:00,"""458597a0c9d5429b334e0a77cf52a44e""",1231725,STANDARD
pdfs/20170811_1stqtr2017.pdf,2017-08-11 15:39:35+00:00,"""e12b141f03b4a56a66cee683f832ec2e""",849691,STANDARD
pdfs/20170811_2ndqtr2017.pdf,2017-08-11 15:39:34+00:00,"""697e6c55999e4f0b274dff4caf45ce86""",896275,STANDARD
pdfs/20170811_crimetrend.pdf,2017-08-11 15:39:35+00:00,"""e888eac54085aa890f80c9684246d6bd""",1242140,STANDARD
pdfs/20170818_1stqtr2017.pdf,2017-08-18 19:01:48+00:00,"""1f71e3e09c5a6c2e9faade0cbeffdfa3""",849713,STANDARD
pdfs/20170818_2016_crimetrend.pdf,2017-10-16 20:52:25+00:00,"""6a0c0ae4b12a9da96ac8d87cbc8814c9""",1307364,STANDARD
pdfs/20170818_2ndqtr2017.pdf,2017-08-18 19:01:48+00:00,"""390122eb2eea25d50b93425cc617f8fd""",896807,STANDARD
pdfs/20170818_crimetrend.pdf,2017-08-18 19:01:49+00:00,"""44d11c81bf1efdb6651cfff814b1c648""",1249718,STANDARD
pdfs/20170825_1stqtr2017.pdf,2017-08-25 17:06:59+00:00,"""536152170919b2722465eec466dbdc3f""",849971,STANDARD
pdfs/20170825_2ndqtr2017.pdf,2017-08-25 17:07:01+00:00,"""58dc151ded03bea28ff5024626a9cf22""",897436,STANDARD
pdfs/20170825_crimetrend.pdf,2017-08-25 17:06:59+00:00,"""25a82e7fa70185848f26fc010c54f6f2""",1251948,STANDARD
pdfs/20170901_1stqtr2017.pdf,2017-09-06 00:13:11+00:00,"""2cfebf736367b93fdce1392e0b05c93b""",849924,STANDARD
pdfs/20170901_2ndqtr2017.pdf,2017-09-06 00:13:24+00:00,"""719f7fd1294e1fea59af391f39291c59""",898005,STANDARD
pdfs/20170901_crimetrend.pdf,2017-09-06 00:13:43+00:00,"""eede5d68a346964de40e16ca14c73217""",1254477,STANDARD
pdfs/20170908_1stqtr2017.pdf,2017-09-08 17:30:02+00:00,"""17a2ae08af77311d6f373b6c332d6500""",849417,STANDARD
pdfs/20170908_2ndqtr2017.pdf,2017-09-08 17:30:00+00:00,"""28374e07a8b1bc4168a95eff67700e00""",897914,STANDARD
pdfs/20170908_crimetrend.pdf,2017-09-08 17:30:02+00:00,"""a3528932699da39822c409da18cc3dc8""",1252233,STANDARD
pdfs/20170915_1stqtr2017.pdf,2017-09-15 20:04:16+00:00,"""4d32336cb00bc82dcdfb717a0bc7a20e""",862702,STANDARD
pdfs/20170915_2ndqtr2017.pdf,2017-09-15 20:04:15+00:00,"""351d10f993a5a50fb58a1656ea364f7c""",909586,STANDARD
pdfs/20170915_crimetrend.pdf,2017-09-15 20:04:17+00:00,"""90daf44141d9abfdbb90256c5b9413f2""",1264604,STANDARD
pdfs/20170922_1stqtr2017.pdf,2017-09-22 19:09:47+00:00,"""3fb64344bf81b4322f996773f193558a""",862889,STANDARD
pdfs/20170922_2ndqtr2017.pdf,2017-09-22 19:09:46+00:00,"""28207987411dd090bbb6ce0b46bcdcf0""",909831,STANDARD
pdfs/20170922_crimetrend.pdf,2017-09-22 19:11:22+00:00,"""6e42c573f838707cec3c0eae874c12f3""",1269613,STANDARD
pdfs/20170929_1stqtr2017.pdf,2017-09-29 18:16:17+00:00,"""534e59c0c288657968ed77c7a185f4fa""",862835,STANDARD
pdfs/20170929_2ndqtr2017.pdf,2017-09-29 18:16:18+00:00,"""b78b457179420f5ddd5cea25264c67cb""",909800,STANDARD
pdfs/20170929_crimetrend.pdf,2017-09-29 18:16:17+00:00,"""aa03c40136f5180b236cd2b258915778""",1271992,STANDARD
pdfs/20171013_1stqtr2017.pdf,2017-10-16 20:52:27+00:00,"""ab7e142e72df6b884eae6a78f1362d3f""",862932,STANDARD
pdfs/20171013_2ndqtr2017.pdf,2017-10-16 20:52:27+00:00,"""b139aeac0070771054e0e2b4b729bc8e""",909844,STANDARD
pdfs/20171013_3rdqtr2017.pdf,2017-10-16 20:52:26+00:00,"""9514cdce99d654658e0be3e0ace7e7e2""",932509,STANDARD
pdfs/20171013_crimetrend.pdf,2017-10-16 20:52:29+00:00,"""ff9c62168b25ccfb6b290f7fdbae4cc6""",1272878,STANDARD
pdfs/20171025_1stqtr2017.pdf,2017-10-25 19:08:25+00:00,"""dbc399ad838975cd85774280c9fb2fa3""",862865,STANDARD
pdfs/20171025_2ndqtr2017.pdf,2017-10-25 19:08:25+00:00,"""4e4f87f4d0d2e6649e3e4b895580285b""",909803,STANDARD
pdfs/20171025_3rdqtr2017.pdf,2017-10-25 19:08:23+00:00,"""b7e39eddd497682c7726fbdc1de0dd1d""",935489,STANDARD
pdfs/20171025_crimetrend.pdf,2017-10-25 19:08:26+00:00,"""cebf06231d6efcce72db3101ea5a0f3a""",1277420,STANDARD
pdfs/20171027_1stqtr2017.pdf,2017-10-27 21:34:10+00:00,"""7731f156638b3884eb791018167becf6""",862959,STANDARD
pdfs/20171027_2ndqtr2017.pdf,2017-10-27 21:34:09+00:00,"""8e13d9f540b6c1d96057a480707d0c6b""",909848,STANDARD
pdfs/20171027_3rdqtr2017.pdf,2017-10-27 21:34:08+00:00,"""cf39b2d4bbb07f17b55236b1089fdd80""",938489,STANDARD
pdfs/20171027_crimetrend.pdf,2017-10-27 21:34:08+00:00,"""743ad40bf6f812516cd39fcc218dc14e""",1279411,STANDARD
pdfs/20171103_1stqtr2017.pdf,2017-11-03 20:31:53+00:00,"""e78a18515ac0bdadbc6de14a14caf0a2""",862968,STANDARD
pdfs/20171103_2ndqtr2017.pdf,2017-11-03 20:31:52+00:00,"""2b11a08df93d804dac907f6726713289""",909977,STANDARD
pdfs/20171103_3rdqtr2017.pdf,2017-11-03 20:31:52+00:00,"""9d92aa24ce02086a528c4f117e2f103e""",939674,STANDARD
pdfs/20171103_crimetrend.pdf,2017-11-03 20:31:54+00:00,"""a4b4fff1a9bdd4788b8d5319405d3d50""",1281618,STANDARD
pdfs/20171114_1stqtr2017.pdf,2017-11-14 22:35:02+00:00,"""c32ec9b0abe2b1136d07941d3302aca5""",862957,STANDARD
pdfs/20171114_2ndqtr2017.pdf,2017-11-14 22:35:04+00:00,"""567769bea231382b9cd013c83d231fa7""",909980,STANDARD
pdfs/20171114_3rdqtr2017.pdf,2017-11-14 22:35:02+00:00,"""08deee8799975c2167bd1030f74c2e2b""",940575,STANDARD
pdfs/20171114_crimetrend.pdf,2017-11-14 22:35:04+00:00,"""8f5c54908c059dc149ba1f65057465ac""",1278760,STANDARD
pdfs/20171206_1stqtr2017.pdf,2017-12-07 21:42:54+00:00,"""84710adafea9159a40865196308cb423""",862932,STANDARD
pdfs/20171206_2ndqtr2017.pdf,2017-12-07 21:42:54+00:00,"""706f541b51bcb25f336f394cbcb91acc""",910009,STANDARD
pdfs/20171206_3rdqtr2017.pdf,2017-12-07 21:42:55+00:00,"""905ccdd724b6bb5dadb5761fa0259bb8""",941743,STANDARD
pdfs/20171206_crimetrend.pdf,2017-12-07 21:42:52+00:00,"""b2033b216efe31639ff034107a093e62""",1290561,STANDARD
pdfs/20171214_1stqtr2017.pdf,2017-12-14 22:33:29+00:00,"""dc557a15b2c25c72fb597c760fc01ecb""",862928,STANDARD
pdfs/20171214_2ndqtr2017.pdf,2017-12-14 22:33:28+00:00,"""fecb62d69365159589f47a22f28d3c4a""",910022,STANDARD
pdfs/20171214_3rdqtr2017.pdf,2017-12-14 22:33:27+00:00,"""1c2948db9fd0263978c144424044b7f9""",942069,STANDARD
pdfs/20171214_crimetrend.pdf,2017-12-14 22:33:30+00:00,"""fb04f4efb24a96cb3284ff289f4bd47a""",1285738,STANDARD
pdfs/20171218_1stqtr2017.pdf,2017-12-18 19:34:13+00:00,"""40c49588f6d450daa2a26bce5d5e9177""",862935,STANDARD
pdfs/20171218_2ndqtr2017.pdf,2017-12-18 19:34:12+00:00,"""06594bf027723a19a075466b5d468522""",910014,STANDARD
pdfs/20171218_3rdqtr2017.pdf,2017-12-18 19:34:12+00:00,"""5d9a711a06fd91aeebcdd7afc3a22edc""",942258,STANDARD
pdfs/20171218_crimetrend.pdf,2017-12-18 19:34:13+00:00,"""193b85b17b2789d7f29d57c3c03c9b7f""",1289731,STANDARD
pdfs/20180104_1stqtr2017.pdf,2018-01-05 16:37:22+00:00,"""112d7b0c43f5d7d9fbd433ddedc70fce""",862934,STANDARD
pdfs/20180104_2ndqtr2017.pdf,2018-01-05 16:37:21+00:00,"""7f90f2dee7f44e2d5c8c7f0a07dc76b7""",910021,STANDARD
pdfs/20180104_3rdqtr2017.pdf,2018-01-05 16:37:21+00:00,"""df336e45a803a3628dc908c3e49a6cc5""",942251,STANDARD
pdfs/20180104_crimetrend.pdf,2018-01-05 16:37:22+00:00,"""daaa3daedd55b878cf3f9ae2ff3e1a0f""",1294577,STANDARD
pdfs/20180116_1stqtr2017.pdf,2018-01-16 22:22:12+00:00,"""67b770c081dff677142b790badee3c3c""",1194662,STANDARD
pdfs/20180116_2ndqtr2017.pdf,2018-01-16 22:22:12+00:00,"""b829f73d0d0677e8561d5cabdd2ea071""",1265232,STANDARD
pdfs/20180116_3rdqtr2017.pdf,2018-01-16 22:22:10+00:00,"""fe89e49c9beda2930f70708f9152605d""",1313139,STANDARD
pdfs/20180116_4thqtr2017.pdf,2018-01-16 22:22:11+00:00,"""c2a6e689d0cc7644fcad55958b2424df""",1322336,STANDARD
pdfs/20180116_crimetrend.pdf,2018-01-16 22:22:13+00:00,"""7261e017071d86ed07a64f11f790ce2d""",1804284,STANDARD
pdfs/20180123_1stqtr2017.pdf,2018-01-23 18:36:30+00:00,"""ed839cab76eb8e3651b8b98bc7991296""",1191513,STANDARD
pdfs/20180123_2ndqtr2017.pdf,2018-01-23 18:36:30+00:00,"""518a1755393182ad5122f6430c40d7c7""",1266391,STANDARD
pdfs/20180123_3rdqtr2017.pdf,2018-01-23 18:36:31+00:00,"""2c1c77b8c3870df3bb1880a5e218e867""",1314807,STANDARD
pdfs/20180123_4thqtr2017.pdf,2018-01-23 18:36:31+00:00,"""dd7db45778f4b38bb0fd467efcde8f02""",1321795,STANDARD
pdfs/20180123_crimetrend.pdf,2018-01-23 18:36:32+00:00,"""c8e8a93f3925780fc7d0bed3fb47355f""",1751015,STANDARD
pdfs/20180129_1stqtr2017.pdf,2018-01-29 20:05:22+00:00,"""0652615d12382793369438ca95c904c9""",1189547,STANDARD
pdfs/20180129_2ndqtr2017.pdf,2018-01-29 20:05:29+00:00,"""9cd1f56e1d02f5e59ac5043717f30d4e""",1267065,STANDARD
pdfs/20180129_3rdqtr2017.pdf,2018-01-29 20:05:35+00:00,"""65b2ac5b62a71b7731f03c13a48e39cb""",1312477,STANDARD
pdfs/20180129_4thqtr2017.pdf,2018-01-29 20:05:42+00:00,"""e8e40b689f11b850681721e8bc270ec7""",1327191,STANDARD
pdfs/20180129_crimetrend.pdf,2018-01-29 20:05:16+00:00,"""560144cb67d3c8653d7b8dd599b1cc4e""",1783736,STANDARD
pdfs/20180202_1stqtr2017.pdf,2018-02-05 20:58:28+00:00,"""16008332fb0fedf134c7398301c6d9ec""",1192982,STANDARD
pdfs/20180202_2ndqtr2017.pdf,2018-02-05 20:58:28+00:00,"""0c27433a7df2e51bd453f07955562384""",1267927,STANDARD
pdfs/20180202_3rdqtr2017.pdf,2018-02-05 20:58:27+00:00,"""f66a3e981af7a368bd6c790afedc51fc""",1316057,STANDARD
pdfs/20180202_4thqtr2017.pdf,2018-02-05 20:58:26+00:00,"""8cf6c6f9b998a5858313711b3bb64eb0""",1330492,STANDARD
pdfs/20180202_crimetrend.pdf,2018-02-05 20:58:29+00:00,"""fac206befd839bb4c3aea61f2fa29c63""",1806297,STANDARD
pdfs/20180209_1stqtr2017.pdf,2018-02-09 22:40:41+00:00,"""fc7701ca7a60e149fef58a07e25cbdfc""",863019,STANDARD
pdfs/20180209_2ndqtr2017.pdf,2018-02-09 22:40:39+00:00,"""1f621eaadce2d20bdc340c0e01e48cf0""",910028,STANDARD
pdfs/20180209_3rdqtr2017.pdf,2018-02-09 22:40:40+00:00,"""c561d2f794f801e9b7df1bdda65a3b26""",942527,STANDARD
pdfs/20180209_4thqtr2017.pdf,2018-02-09 22:40:40+00:00,"""e0964ff4ab7a41a46b4aedb723d46851""",948709,STANDARD
pdfs/20180209_crimetrend.pdf,2018-02-09 22:40:38+00:00,"""f65d537277f35ea8e3ad71c5e3d1b3d4""",1022588,STANDARD
pdfs/20180209_crimetrend_2017.pdf,2018-02-09 22:40:42+00:00,"""6a2a42ea574a286ee8b578fd5e503564""",1303819,STANDARD
pdfs/20180220_1stqtr2017.pdf,2018-02-21 17:05:16+00:00,"""f5ed8168376a09310c8ba863f54f0f19""",863016,STANDARD
pdfs/20180220_2ndqtr2017.pdf,2018-02-21 17:05:16+00:00,"""1577dcc6956632f0bda1d2edc70c348f""",910033,STANDARD
pdfs/20180220_3rdqtr2017.pdf,2018-02-21 17:05:15+00:00,"""f372ade4461077ae322414ecb4be0f17""",942526,STANDARD
pdfs/20180220_4thqtr2017.pdf,2018-02-21 17:05:14+00:00,"""4a7a9b9cb2f37c289b00cca9884d323b""",948844,STANDARD
pdfs/20180220_crimetrend.pdf,2018-02-21 17:05:18+00:00,"""c229e884e926f5919580cf94cf655997""",1036073,STANDARD
pdfs/20180220_crimetrend_2017.pdf,2018-02-21 17:05:18+00:00,"""8414475c63cb75c0b499ec81f3a0dbe6""",1303472,STANDARD
pdfs/20180228_1stqtr2017.pdf,2018-02-28 20:33:41+00:00,"""37e48330e4695d69a3636d0b1f445e70""",863027,STANDARD
pdfs/20180228_2ndqtr2017.pdf,2018-02-28 20:33:41+00:00,"""f43d4de72c9b1906f2ff0e7b095e5a44""",910037,STANDARD
pdfs/20180228_3rdqtr2017.pdf,2018-02-28 20:33:41+00:00,"""d5528153b2d745598cd26b65fbefe549""",942537,STANDARD
pdfs/20180228_4thqtr2017.pdf,2018-02-28 20:33:39+00:00,"""03f13884b2fb5dba1e783e4626902dbd""",949308,STANDARD
pdfs/20180228_crimetrend.pdf,2018-02-28 20:33:42+00:00,"""65b496b14539dbaf026e245fadc35826""",1043367,STANDARD
pdfs/20180228_crimetrend_2017.pdf,2018-02-28 20:33:43+00:00,"""93dedf3470097639fe091cd8c720880d""",1304589,STANDARD
pdfs/20180305_1stqtr2017.pdf,2018-03-07 02:21:52+00:00,"""320992f91ce1e6eb636c1f8015ac2cae""",863035,STANDARD
pdfs/20180305_2ndqtr2017.pdf,2018-03-07 02:21:49+00:00,"""8ab8e8dd2d0df3fdb12f44dc8fd450aa""",909841,STANDARD
pdfs/20180305_3rdqtr2017.pdf,2018-03-07 02:21:48+00:00,"""835be210e800affc44f951e00c02028b""",942384,STANDARD
pdfs/20180305_4thqtr2017.pdf,2018-03-07 02:21:47+00:00,"""e27575dcb23bfd53d896d591d8ddf883""",949335,STANDARD
pdfs/20180305_crimetrend.pdf,2018-03-07 02:21:53+00:00,"""9fb7effc61aff0a90df97b890dd4466d""",1091954,STANDARD
pdfs/20180305_crimetrend_2017.pdf,2018-03-07 02:21:55+00:00,"""99e6b7b63f6e2a74470acd03d6ceb0f9""",1302943,STANDARD
pdfs/20180312_1stqtr2017.pdf,2018-03-12 21:11:10+00:00,"""2f7a4f3a67d110a2d94e31d1b20b3db0""",862931,STANDARD
pdfs/20180312_2ndqtr2017.pdf,2018-03-12 21:11:10+00:00,"""252f8fd68918bf7404b8db285df99d78""",909782,STANDARD
pdfs/20180312_3rdqtr2017.pdf,2018-03-12 21:11:09+00:00,"""5cd721d5aff599ea2a8d91ada07fd451""",942532,STANDARD
pdfs/20180312_4thqtr2017.pdf,2018-03-12 21:11:09+00:00,"""85d34b7bd06bdfae6dd680f2f95b482c""",949465,STANDARD
pdfs/20180312_crimetrend.pdf,2018-03-12 21:11:11+00:00,"""56f333c87f106b1121d1327d75e1a827""",1112338,STANDARD
pdfs/20180312_crimetrend_2017.pdf,2018-03-12 21:11:12+00:00,"""b160c4decdf0d739dd89b393c292ad61""",1303675,STANDARD
pdfs/20180326_1stqtr2017.pdf,2018-03-28 17:36:11+00:00,"""f1655918d76eb954caa2f1224f3adf24""",863036,STANDARD
pdfs/20180326_2ndqtr2017.pdf,2018-03-28 17:36:11+00:00,"""c95bee5c90833918dade2706dce9a866""",909843,STANDARD
pdfs/20180326_3rdqtr2017.pdf,2018-03-28 17:36:10+00:00,"""ba9a4701f322dd1da61b9f5cde5eae33""",942524,STANDARD
pdfs/20180326_4thqtr2017.pdf,2018-03-28 17:36:10+00:00,"""52bd96df2518d8b6b88e136f4a18cd9e""",950474,STANDARD
pdfs/20180326_crimetrend.pdf,2018-03-28 17:36:12+00:00,"""538af608d8569df2b8216fe45f241e04""",1126361,STANDARD
pdfs/20180326_crimetrend_2017.pdf,2018-03-28 17:36:13+00:00,"""1a2112d867619f607d15ca22d3a920ee""",1304481,STANDARD
pdfs/20180329_1stqtr2017.pdf,2018-04-03 17:09:38+00:00,"""e0c35f09c17481311b5cc38627186823""",862977,STANDARD
pdfs/20180329_2ndqtr2017.pdf,2018-04-03 17:09:37+00:00,"""d8c7a26275c772810343411d60a769cc""",909841,STANDARD
pdfs/20180329_3rdqtr2017.pdf,2018-04-03 17:09:36+00:00,"""97f0ba7245553951dfccbf45981566dd""",942541,STANDARD
pdfs/20180329_4thqtr2017.pdf,2018-04-03 17:09:36+00:00,"""edc65b401eee2dc37064b0778e8510dd""",950441,STANDARD
pdfs/20180329_crimetrend.pdf,2018-04-03 17:09:38+00:00,"""74cc4b4cebb79a026bb5ef919eaa2f8e""",1147998,STANDARD
pdfs/20180329_crimetrend_2017.pdf,2018-04-03 17:09:39+00:00,"""809885ba5b173e9839bcd944c2844b6d""",1304284,STANDARD
pdfs/20180410_1stqtr2017.pdf,2018-04-10 19:50:48+00:00,"""0e896a311ab46956e10d10df296eaa58""",862942,STANDARD
pdfs/20180410_2ndqtr2017.pdf,2018-04-10 19:50:50+00:00,"""ef06a9e7b0d35e7925eac81f2c80205a""",909827,STANDARD
pdfs/20180410_3rdqtr2017.pdf,2018-04-10 19:50:53+00:00,"""02aa1e5e171c37e58c7dbb7f1ab142f3""",942525,STANDARD
pdfs/20180410_4thqtr2017.pdf,2018-04-10 19:50:54+00:00,"""076a243f35d0eb196f4afa3900052e92""",950428,STANDARD
pdfs/20180410_crimetrend.pdf,2018-04-10 19:50:57+00:00,"""b46b518203149df96d9c7582dca5e79a""",1133518,STANDARD
pdfs/20180410_crimetrend_2017.pdf,2018-04-10 19:50:56+00:00,"""516b9e58433ad8536aef08e489d28026""",1305041,STANDARD
pdfs/20180416_1stqtr2017.pdf,2018-04-17 16:07:46+00:00,"""6ea156a823d04e6e41616550ba6a420d""",863045,STANDARD
pdfs/20180416_2ndqtr2017.pdf,2018-04-17 16:07:45+00:00,"""bc59bb107a1ef4a9baa88787b02de810""",909802,STANDARD
pdfs/20180416_3rdqtr2017.pdf,2018-04-17 16:07:44+00:00,"""3d035ec424cc21fb249f201863a5656d""",942519,STANDARD
pdfs/20180416_4thqtr2017.pdf,2018-04-17 16:07:44+00:00,"""a64167d4167f0874f585abd1d3cf1e18""",950460,STANDARD
pdfs/20180416_crimetrend.pdf,2018-04-17 16:07:46+00:00,"""a32e7e9f8a84ff2e7f75ccca9cc96dd2""",1163183,STANDARD
pdfs/20180416_crimetrend_2017.pdf,2018-04-17 16:07:47+00:00,"""9c6c66ce4eb4c856cbfb8eb91ab8ad91""",1305396,STANDARD
pdfs/20180423_1stqtr2017.pdf,2018-04-23 21:30:45+00:00,"""ede9c7d7cb0b649d7364083f02bb82a7""",854309,STANDARD
pdfs/20180423_crimetrend.pdf,2018-04-23 21:30:46+00:00,"""f757e01501f7b83a8060fb12d849f626""",1167307,STANDARD
pdfs/20180504_1stqtr2017.pdf,2018-05-04 19:11:07+00:00,"""9b90be5c6aa6a31c1dd02956e4abb866""",863054,STANDARD
pdfs/20180504_1stqtr2018.pdf,2018-05-04 19:11:04+00:00,"""594ff43544bc8194ed0448cd7b8b78dc""",849616,STANDARD
pdfs/20180504_2ndqtr2017.pdf,2018-05-04 19:11:03+00:00,"""9fe22d1deca645fbc887608a41bb1f89""",909817,STANDARD
pdfs/20180504_3rdqtr2017.pdf,2018-05-04 19:11:06+00:00,"""ecc22721ec421bd09da033d0053f6b3e""",942531,STANDARD
pdfs/20180504_4thqtr2017.pdf,2018-05-04 19:11:05+00:00,"""d28dbac18ba5954f4f6d4e05209339d1""",950501,STANDARD
pdfs/20180504_crimetrend_2017.pdf,2018-05-04 19:11:06+00:00,"""e9a5b2f9d87a268a451c9b2e93e1db90""",1346365,STANDARD
pdfs/20180504_crimetrend_2018.pdf,2018-05-04 19:11:05+00:00,"""e2681cfffde9539742c279f6fe294083""",1173322,STANDARD
pdfs/20180605_1stqtr2018.pdf,2018-06-05 18:10:37+00:00,"""c022c574782fa6859b1095dfe56ff37c""",852832,STANDARD
pdfs/20180605_crimetrend_2018.pdf,2018-06-05 18:10:37+00:00,"""c992a3b8eadde529628ad873720ff42a""",1199227,STANDARD
pdfs/20180608_1stqtr2018.pdf,2018-06-09 01:04:34+00:00,"""a71998d42f966d162037718d75a85c44""",853790,STANDARD
pdfs/20180608_crimetrend_2018.pdf,2018-06-09 01:04:34+00:00,"""ec5460f0839cca4c4d676c73e88bbbf5""",1207794,STANDARD
pdfs/20180615_1stqtr2018.pdf,2018-06-15 19:30:28+00:00,"""0988d6b8364489cc56932dc8cc86f1be""",1174640,STANDARD
pdfs/20180615_crimetrend_2018.pdf,2018-06-15 19:30:28+00:00,"""28cc53e435e8d68a75a3356001d68b4b""",1756278,STANDARD
pdfs/20180622_1stqtr2018.pdf,2018-06-22 20:51:03+00:00,"""5b9eb8f16d0541cb9b95a22809cbf52a""",854922,STANDARD
pdfs/20180622_crimetrend_2018.pdf,2018-06-22 20:50:56+00:00,"""fa843f9036f7a2cbf9a62b963410b43b""",1220033,STANDARD
pdfs/20180629_1stqtr2018.pdf,2018-06-29 21:17:34+00:00,"""22efe3c7815832e9261b322eb4a269e4""",855101,STANDARD
pdfs/20180629_crimetrend_2018.pdf,2018-06-29 21:17:34+00:00,"""2496746a3395fe5bbe25f9e0cd8fb296""",1221889,STANDARD
pdfs/20180705_1stqtr2018.pdf,2018-07-06 18:30:03+00:00,"""fac96d0f46b6a71395d320c40830895f""",855129,STANDARD
pdfs/20180705_crimetrend_2018.pdf,2018-07-06 18:30:03+00:00,"""cb0af20b7139c989585bc1938184b585""",1224368,STANDARD
pdfs/20180720_1stqtr2018.pdf,2018-07-20 19:17:37+00:00,"""0934ef8f4133132633ca5e02868ee309""",856034,STANDARD
pdfs/20180720_2ndqtr2018.pdf,2018-07-20 19:17:37+00:00,"""b1cb888583a56b243da816847940194a""",894412,STANDARD
pdfs/20180720_crimetrend_2018.pdf,2018-07-20 19:17:39+00:00,"""21f0306c1ad2a78cd891179206c085d2""",1233900,STANDARD
pdfs/20180727_1stqtr2018.pdf,2018-08-02 17:56:55+00:00,"""d3f333ed97481bc4d4ae6a306cf048fc""",856133,STANDARD
pdfs/20180727_2ndqtr2018.pdf,2018-08-02 17:56:57+00:00,"""2a87620106ea82bc4f4dbd22f399c0e1""",896866,STANDARD
pdfs/20180727_crimetrend_2018.pdf,2018-08-02 17:56:58+00:00,"""208bad38f2238e10573e9165ceab8203""",1237229,STANDARD
pdfs/20180803_1stqtr2018.pdf,2018-08-07 19:52:05+00:00,"""800b0f38a6cae4a938564060671088b6""",855870,STANDARD
pdfs/20180803_2ndqtr2018.pdf,2018-08-07 19:52:06+00:00,"""932e792f70492d335902b86cbf252215""",897618,STANDARD
pdfs/20180803_crimetrend_2018.pdf,2018-08-07 19:52:06+00:00,"""7ef78e53af54ce802857a59caa92da87""",1239417,STANDARD
